customer_id,date,product,quantity,revenue,region
10001,2025-01-01 00:00:00,Product C,6,335.65,West
10002,2025-01-02 00:00:00,Product D,1,977.92,North
10003,2025-01-03 00:00:00,Product A,9,216.84,West
10004,2025-01-04 00:00:00,Product C,1,699.33,West
10005,2025-01-05 00:00:00,Product C,5,825.01,North
10006,2025-01-06 00:00:00,Product D,-3,60.36,North
10007,2025-01-07 00:00:00,Product A,3,676.98,North
10008,2025-01-08 00:00:00,Product A,6,952.52,South
10009,2025-01-09 00:00:00,Product C,2,141.74,North
10010,2025-01-10 00:00:00,Product B,3,898.3,South
10011,2025-01-11 00:00:00,Product C,5,602.88,North
10012,2025-01-12 00:00:00,Product C,9,624.27,South
10013,2025-01-13 00:00:00,Product C,2,620.69,West
10014,2025-01-14 00:00:00,Product C,10,312.86,East
10015,2025-01-15 00:00:00,Product D,8,936.5,West
10016,2025-01-16 00:00:00,Product A,2,-500.0,West
10017,2025-01-17 00:00:00,Product D,5,632.8,North
10018,2025-01-18 00:00:00,Product D,7,787.75,South
10019,2025-01-19 00:00:00,Product D,8,620.01,East
10020,2025-01-20 00:00:00,Product C,1,494.71,North
10021,2025-01-21 00:00:00,Product B,6,667.6,North
10022,2025-01-22 00:00:00,Product A,1,561.94,North
10023,2025-01-23 00:00:00,Product B,2,605.53,West
10024,2025-01-24 00:00:00,Product D,1,788.16,South
10025,2025-01-25 00:00:00,Product D,5,491.29,South
10026,2025-01-26 00:00:00,Product B,10,,Unknown Region
10027,2025-01-27 00:00:00,Product B,9,180.72,South
10028,2025-01-28 00:00:00,Product B,6,449.84,South
10029,2025-01-29 00:00:00,Product D,1,730.33,North
10030,2025-01-30 00:00:00,Product D,1,601.41,North
10031,2025-01-31 00:00:00,Product A,2,657.29,West
10032,2025-02-01 00:00:00,Product A,9,489.69,North
10033,2025-02-02 00:00:00,Product D,3,623.43,North
10034,2025-02-03 00:00:00,Product B,1,342.44,North
10035,2025-02-04 00:00:00,Product B,5,480.78,North
10036,not_a_date,Product A,7,749.39,West
10037,2025-02-06 00:00:00,Product D,6,874.4,North
10038,2025-02-07 00:00:00,Product A,1,444.98,East
10039,2025-02-08 00:00:00,Product A,5,62.79,East
10040,2025-02-09 00:00:00,Product C,5,178.44,East
10041,2025-02-10 00:00:00,Product C,6,40.44,East
10042,2025-02-11 00:00:00,Product C,3,660.2,North
10043,2025-02-12 00:00:00,Product B,5,345.67,East
10044,2025-02-13 00:00:00,Product D,7,551.63,North
10045,2025-02-14 00:00:00,Product D,5,503.41,West
10046,2025-02-15 00:00:00,Product D,5,99.9,East
10047,2025-02-16 00:00:00,Product D,5,415.2,South
10048,2025-02-17 00:00:00,Product C,10,236.15,East
10049,2025-02-18 00:00:00,Product B,10,430.03,East
10050,2025-02-19 00:00:00,Product B,3,219.51,North
10051,2025-02-20 00:00:00,Product C,1,,East
10052,2025-02-21 00:00:00,Product B,5,190.71,South
10053,2025-02-22 00:00:00,Product C,9,961.56,North
10054,2025-02-23 00:00:00,Product D,1,427.59,North
10055,2025-02-24 00:00:00,Product C,3,849.32,West
10056,2025-02-25 00:00:00,Product D,4,636.19,West
10057,2025-02-26 00:00:00,Product D,1,740.64,East
10058,2025-02-27 00:00:00,Product A,1,772.37,West
10059,2025-02-28 00:00:00,Product C,8,514.75,West
10060,2025-03-01 00:00:00,Product A,2,552.43,West
10061,2025-03-02 00:00:00,Product C,8,523.72,North
10062,2025-03-03 00:00:00,Product C,7,596.3,North
10063,2025-03-04 00:00:00,Product A,10,48.81,North
10064,2025-03-05 00:00:00,Product A,10,407.6,West
10065,2025-03-06 00:00:00,Product C,2,614.06,North
10066,2025-03-07 00:00:00,Product B,6,,West
10067,2025-03-08 00:00:00,Product D,6,797.1,North
10068,2025-03-09 00:00:00,Product A,3,661.91,North
10069,2025-03-10 00:00:00,Product D,2,992.29,South
10070,2025-03-11 00:00:00,Product B,1,298.18,East
10071,2025-03-12 00:00:00,Product B,6,371.97,West
10072,2025-03-13 00:00:00,Product B,5,396.17,South
10073,2025-03-14 00:00:00,Product A,9,476.5,North
10074,2025-03-15 00:00:00,Product B,1,839.28,West
10075,2025-03-16 00:00:00,Product A,7,251.08,North
10076,2025-03-17 00:00:00,Product B,5,780.48,East
10077,2025-03-18 00:00:00,Product D,5,417.2,South
10078,2025-03-19 00:00:00,Product D,2,609.82,East
10079,2025-03-20 00:00:00,Product C,3,639.89,South
10080,2025-03-21 00:00:00,Product D,7,385.39,North
10081,2025-03-22 00:00:00,Product C,6,522.36,East
10082,2025-03-23 00:00:00,Product D,2,424.77,East
10083,2025-03-24 00:00:00,Product A,6,87.75,North
10084,2025-03-25 00:00:00,Product D,2,448.42,East
10085,2025-03-26 00:00:00,Product C,2,115.45,West
10086,2025-03-27 00:00:00,Product C,2,416.92,South
10087,2025-03-28 00:00:00,Product B,3,601.06,South
10088,2025-03-29 00:00:00,Product A,2,587.83,South
10089,2025-03-30 00:00:00,Product D,4,669.37,West
10090,2025-03-31 00:00:00,Product B,9,113.36,South
10091,2025-04-01 00:00:00,Product D,6,659.08,North
10092,2025-04-02 00:00:00,Product D,1,325.91,East
10093,2025-04-03 00:00:00,Product B,8,411.07,West
10094,2025-04-04 00:00:00,Product B,7,860.83,South
10095,2025-04-05 00:00:00,Product B,10,28.85,North
10096,2025-04-06 00:00:00,Product B,3,596.64,East
10097,2025-04-07 00:00:00,Product B,1,606.74,East
10098,2025-04-08 00:00:00,Product D,5,408.73,West
10099,2025-04-09 00:00:00,Product B,4,252.29,West
10100,2025-04-10 00:00:00,Product A,10,249.98,West
10101,2025-04-11 00:00:00,Product C,8,886.04,North
10102,2025-04-12 00:00:00,Product B,1,453.18,North
10103,2025-04-13 00:00:00,Product B,10,344.27,West
10104,2025-04-14 00:00:00,Product D,1,459.8,South
10105,2025-04-15 00:00:00,Product B,4,676.0,East
10106,2025-04-16 00:00:00,Product B,8,162.84,East
10107,2025-04-17 00:00:00,Product B,5,460.45,North
10108,2025-04-18 00:00:00,Product D,2,596.13,East
10109,2025-04-19 00:00:00,Product B,6,949.61,South
10110,2025-04-20 00:00:00,Product C,5,267.48,East
10111,2025-04-21 00:00:00,Product D,2,372.07,North
10112,2025-04-22 00:00:00,Product C,3,391.77,North
10113,2025-04-23 00:00:00,Product D,9,613.43,South
10114,2025-04-24 00:00:00,Product B,7,369.6,South
10115,2025-04-25 00:00:00,Product C,7,542.84,East
10116,2025-04-26 00:00:00,Product D,6,786.15,East
10117,2025-04-27 00:00:00,Product A,8,711.28,North
10118,2025-04-28 00:00:00,Product B,4,457.44,South
10119,2025-04-29 00:00:00,Product D,8,866.93,South
10120,2025-04-30 00:00:00,Product A,4,566.98,South
10121,2025-05-01 00:00:00,Product D,8,549.11,East
10122,2025-05-02 00:00:00,Product A,9,53.5,South
10123,2025-05-03 00:00:00,Product B,3,986.96,North
10124,2025-05-04 00:00:00,Product C,3,140.51,North
10125,2025-05-05 00:00:00,Product A,2,246.51,East
10126,2025-05-06 00:00:00,Product D,10,70.66,West
10127,2025-05-07 00:00:00,Product B,3,647.2,East
10128,2025-05-08 00:00:00,Product A,3,240.21,West
10129,2025-05-09 00:00:00,Product D,5,196.41,South
10130,2025-05-10 00:00:00,Product D,5,106.78,East
10131,2025-05-11 00:00:00,Product D,2,121.24,North
10132,2025-05-12 00:00:00,Product A,10,592.98,South
10133,2025-05-13 00:00:00,Product A,6,694.44,North
10134,2025-05-14 00:00:00,Product A,5,409.43,South
10135,2025-05-15 00:00:00,Product C,6,490.3,East
10136,2025-05-16 00:00:00,Product A,1,692.25,West
10137,2025-05-17 00:00:00,Product A,5,37.03,South
10138,2025-05-18 00:00:00,Product A,9,336.67,West
10139,2025-05-19 00:00:00,Product C,10,973.64,South
10140,2025-05-20 00:00:00,Product A,2,588.51,North
10141,2025-05-21 00:00:00,Product D,1,269.14,North
10142,2025-05-22 00:00:00,Product A,10,531.3,South
10143,2025-05-23 00:00:00,Product D,9,355.8,West
10144,2025-05-24 00:00:00,Product D,10,541.6,East
10145,2025-05-25 00:00:00,Product D,9,143.23,East
10146,2025-05-26 00:00:00,Product C,9,150.06,North
10147,2025-05-27 00:00:00,Product C,6,160.67,East
10148,2025-05-28 00:00:00,Product C,8,941.02,North
10149,2025-05-29 00:00:00,Product A,1,738.24,East
10150,2025-05-30 00:00:00,Product D,10,179.13,South
10151,2025-05-31 00:00:00,Product C,4,204.58,North
10152,2025-06-01 00:00:00,Product C,1,736.21,North
10153,2025-06-02 00:00:00,Product A,8,173.04,South
10154,2025-06-03 00:00:00,Product C,1,249.87,North
10155,2025-06-04 00:00:00,Product A,3,964.08,East
10156,2025-06-05 00:00:00,Product B,4,270.2,East
10157,2025-06-06 00:00:00,Product C,8,668.4,North
10158,2025-06-07 00:00:00,Product B,6,979.06,East
10159,2025-06-08 00:00:00,Product A,10,386.81,West
10160,2025-06-09 00:00:00,Product D,7,37.17,North
10161,2025-06-10 00:00:00,Product C,8,259.26,South
10162,2025-06-11 00:00:00,Product A,2,834.26,West
10163,2025-06-12 00:00:00,Product D,10,867.32,North
10164,2025-06-13 00:00:00,Product D,8,773.15,South
10165,2025-06-14 00:00:00,Product B,3,130.85,East
10166,2025-06-15 00:00:00,Product A,7,799.6,South
10167,2025-06-16 00:00:00,Product D,3,920.3,West
10168,2025-06-17 00:00:00,Product C,7,608.6,East
10169,2025-06-18 00:00:00,Product C,2,942.06,North
10170,2025-06-19 00:00:00,Product B,10,830.3,East
10171,2025-06-20 00:00:00,Product D,6,673.63,North
10172,2025-06-21 00:00:00,Product A,3,,North
10173,2025-06-22 00:00:00,Product C,3,361.6,South
10174,2025-06-23 00:00:00,Product D,9,176.1,South
10175,2025-06-24 00:00:00,Product D,7,612.85,South
10176,2025-06-25 00:00:00,Product B,5,331.75,West
10177,2025-06-26 00:00:00,Product C,10,869.11,West
10178,2025-06-27 00:00:00,Product C,7,993.47,South
10179,2025-06-28 00:00:00,Product A,9,757.38,West
10180,2025-06-29 00:00:00,Product C,1,108.67,East
10181,2025-06-30 00:00:00,Product A,7,302.91,East
10182,2025-07-01 00:00:00,Product C,6,126.93,West
10183,2025-07-02 00:00:00,Product B,10,657.5,West
10184,2025-07-03 00:00:00,Product C,9,769.89,East
10185,2025-07-04 00:00:00,Product A,1,927.16,North
10186,2025-07-05 00:00:00,Product A,4,449.41,East
10187,2025-07-06 00:00:00,Product B,9,903.35,East
10188,2025-07-07 00:00:00,Product C,4,880.33,West
10189,2025-07-08 00:00:00,Product C,10,330.85,East
10190,2025-07-09 00:00:00,Product B,3,871.52,West
10191,2025-07-10 00:00:00,Product C,9,388.16,West
10192,2025-07-11 00:00:00,Product C,2,310.93,South
10193,2025-07-12 00:00:00,Product A,4,656.09,East
10194,2025-07-13 00:00:00,Product C,6,341.81,North
10195,2025-07-14 00:00:00,Product C,2,637.6,South
10196,2025-07-15 00:00:00,Product B,8,617.64,West
10197,2025-07-16 00:00:00,Product B,8,572.17,West
10198,2025-07-17 00:00:00,Product D,1,392.81,North
10199,2025-07-18 00:00:00,Product A,3,557.53,West
10200,2025-07-19 00:00:00,Product C,10,604.56,East
10201,2025-07-20 00:00:00,Product C,9,554.77,South
10202,2025-07-21 00:00:00,Product D,5,455.53,West
10203,2025-07-22 00:00:00,Product C,6,34.37,West
10204,2025-07-23 00:00:00,Product A,4,595.32,North
10205,2025-07-24 00:00:00,Product D,10,185.08,East
10206,2025-07-25 00:00:00,Product A,2,649.72,West
10207,2025-07-26 00:00:00,Product D,8,764.16,North
10208,2025-07-27 00:00:00,Product D,6,510.44,West
10209,2025-07-28 00:00:00,Product B,5,551.52,North
10210,2025-07-29 00:00:00,Product A,9,952.45,North
10211,2025-07-30 00:00:00,Product C,1,,East
10212,2025-07-31 00:00:00,Product C,5,915.95,West
10213,2025-08-01 00:00:00,Product A,6,817.49,East
10214,2025-08-02 00:00:00,Product C,5,126.74,North
10215,2025-08-03 00:00:00,Product C,6,166.01,South
10216,2025-08-04 00:00:00,Product A,6,536.09,West
10217,2025-08-05 00:00:00,Product D,7,261.15,South
10218,2025-08-06 00:00:00,Product A,4,487.16,West
10219,2025-08-07 00:00:00,Product D,8,406.48,East
10220,2025-08-08 00:00:00,Product C,7,558.43,East
10221,2025-08-09 00:00:00,Product C,9,751.94,East
10222,2025-08-10 00:00:00,Product C,7,721.18,East
10223,2025-08-11 00:00:00,Product B,3,530.81,East
10224,2025-08-12 00:00:00,Product D,3,825.95,South
10225,2025-08-13 00:00:00,Product B,8,,East
10226,2025-08-14 00:00:00,Product B,5,898.78,North
10227,2025-08-15 00:00:00,Product A,4,89.85,North
10228,2025-08-16 00:00:00,Product B,8,955.57,South
10229,2025-08-17 00:00:00,Product A,6,661.6,West
10230,2025-08-18 00:00:00,Product A,2,392.47,North
10231,2025-08-19 00:00:00,Product B,4,213.21,West
10232,2025-08-20 00:00:00,Product D,4,489.6,South
10233,2025-08-21 00:00:00,Product D,6,210.67,West
10234,2025-08-22 00:00:00,Product D,6,183.0,West
10235,2025-08-23 00:00:00,Product D,1,625.0,West
10236,2025-08-24 00:00:00,Product D,8,532.62,West
10237,2025-08-25 00:00:00,Product B,6,676.69,South
10238,2025-08-26 00:00:00,Product B,3,931.01,North
10239,2025-08-27 00:00:00,Product C,9,541.62,East
10240,2025-08-28 00:00:00,Product D,2,589.31,West
10241,2025-08-29 00:00:00,Product B,8,107.83,North
10242,2025-08-30 00:00:00,Product C,10,723.28,North
10243,2025-08-31 00:00:00,Product D,3,411.91,South
10244,2025-09-01 00:00:00,Product A,5,977.19,North
10245,2025-09-02 00:00:00,Product C,6,826.71,South
10246,2025-09-03 00:00:00,Product B,10,532.03,West
10247,2025-09-04 00:00:00,Product A,6,140.76,West
10248,2025-09-05 00:00:00,Product A,4,862.23,East
10249,2025-09-06 00:00:00,Product A,3,803.79,East
10250,2025-09-07 00:00:00,Product C,4,200.89,East
10251,2025-09-08 00:00:00,Product B,1,309.37,North
10252,2025-09-09 00:00:00,Product A,4,797.54,West
10253,2025-09-10 00:00:00,Product D,1,201.52,South
10254,2025-09-11 00:00:00,Product A,1,919.4,East
10255,2025-09-12 00:00:00,Product A,10,436.04,South
10256,2025-09-13 00:00:00,Product C,6,105.3,South
10257,2025-09-14 00:00:00,Product C,5,,East
10258,2025-09-15 00:00:00,Product B,4,386.04,West
10259,2025-09-16 00:00:00,Product D,3,535.97,East
10260,2025-09-17 00:00:00,Product C,1,130.06,South
10261,2025-09-18 00:00:00,Product A,6,22.53,East
10262,2025-09-19 00:00:00,Product B,2,645.23,South
10263,2025-09-20 00:00:00,Product A,8,524.87,South
10264,2025-09-21 00:00:00,Product A,10,601.67,East
10265,2025-09-22 00:00:00,Product C,5,797.87,North
10266,2025-09-23 00:00:00,Product B,7,653.67,East
10267,2025-09-24 00:00:00,Product D,10,191.28,North
10268,2025-09-25 00:00:00,Product D,2,373.56,South
10269,2025-09-26 00:00:00,Product C,8,907.77,South
10270,2025-09-27 00:00:00,Product C,2,774.55,North
10271,2025-09-28 00:00:00,Product B,4,565.5,South
10272,2025-09-29 00:00:00,Product D,1,270.53,North
10273,2025-09-30 00:00:00,Product D,5,316.02,North
10274,2025-10-01 00:00:00,Product D,9,737.32,South
10275,2025-10-02 00:00:00,Product A,1,854.15,West
10276,2025-10-03 00:00:00,Product D,9,678.0,North
10277,2025-10-04 00:00:00,Product A,8,813.34,East
10278,2025-10-05 00:00:00,Product B,6,771.32,East
10279,2025-10-06 00:00:00,Product A,7,166.71,South
10280,2025-10-07 00:00:00,Product B,3,435.47,West
10281,2025-10-08 00:00:00,Product D,1,,South
10282,2025-10-09 00:00:00,Product D,5,250.53,West
10283,2025-10-10 00:00:00,Product B,2,871.87,North
10284,2025-10-11 00:00:00,Product C,5,483.43,North
10285,2025-10-12 00:00:00,Product B,8,544.65,North
10286,2025-10-13 00:00:00,Product C,9,194.88,North
10287,2025-10-14 00:00:00,Product A,2,326.03,East
10288,2025-10-15 00:00:00,Product A,3,245.64,East
10289,2025-10-16 00:00:00,Product A,3,222.06,South
10290,2025-10-17 00:00:00,Product D,1,645.2,West
10291,2025-10-18 00:00:00,Product A,8,271.75,North
10292,2025-10-19 00:00:00,Product C,6,639.38,North
10293,2025-10-20 00:00:00,Product A,8,77.29,West
10294,2025-10-21 00:00:00,Product B,9,158.94,West
10295,2025-10-22 00:00:00,Product B,5,289.05,South
10296,2025-10-23 00:00:00,Product D,3,605.11,West
10297,2025-10-24 00:00:00,Product B,5,682.32,North
10298,2025-10-25 00:00:00,Product C,5,453.86,North
10299,2025-10-26 00:00:00,Product A,5,456.88,North
10300,2025-10-27 00:00:00,Product D,3,730.03,North
10301,2025-10-28 00:00:00,Product A,10,35.5,North
10302,2025-10-29 00:00:00,Product A,4,354.27,South
10303,2025-10-30 00:00:00,Product C,9,822.33,North
10304,2025-10-31 00:00:00,Product B,10,611.16,South
10305,2025-11-01 00:00:00,Product B,9,350.48,North
10306,2025-11-02 00:00:00,Product A,2,907.41,East
10307,2025-11-03 00:00:00,Product D,8,777.17,East
10308,2025-11-04 00:00:00,Product B,8,279.6,East
10309,2025-11-05 00:00:00,Product D,7,652.38,East
10310,2025-11-06 00:00:00,Product B,8,603.84,South
10311,2025-11-07 00:00:00,Product D,3,413.16,South
10312,2025-11-08 00:00:00,Product C,6,379.62,West
10313,2025-11-09 00:00:00,Product D,1,356.69,North
10314,2025-11-10 00:00:00,Product C,7,624.81,East
10315,2025-11-11 00:00:00,Product C,1,453.56,South
10316,2025-11-12 00:00:00,Product D,9,835.23,North
10317,2025-11-13 00:00:00,Product C,1,676.21,North
10318,2025-11-14 00:00:00,Product A,1,88.53,South
10319,2025-11-15 00:00:00,Product C,7,647.36,East
10320,2025-11-16 00:00:00,Product B,2,,West
10321,2025-11-17 00:00:00,Product D,5,600.96,North
10322,2025-11-18 00:00:00,Product A,8,686.53,West
10323,2025-11-19 00:00:00,Product D,8,246.21,East
10324,2025-11-20 00:00:00,Product B,3,467.72,East
10325,2025-11-21 00:00:00,Product B,7,206.52,West
10326,2025-11-22 00:00:00,Product B,3,71.29,East
10327,2025-11-23 00:00:00,Product C,6,390.91,North
10328,2025-11-24 00:00:00,Product C,6,375.69,West
10329,2025-11-25 00:00:00,Product D,3,995.57,East
10330,2025-11-26 00:00:00,Product D,7,457.43,West
10331,2025-11-27 00:00:00,Product A,3,346.9,North
10332,2025-11-28 00:00:00,Product A,8,588.87,East
10333,2025-11-29 00:00:00,Product D,10,,North
10334,2025-11-30 00:00:00,Product C,4,962.43,East
10335,2025-12-01 00:00:00,Product B,1,642.26,South
10336,2025-12-02 00:00:00,Product D,4,759.74,East
10337,2025-12-03 00:00:00,Product A,7,187.07,West
10338,2025-12-04 00:00:00,Product C,4,421.29,East
10339,2025-12-05 00:00:00,Product D,6,434.24,North
10340,2025-12-06 00:00:00,Product D,9,825.37,North
10341,2025-12-07 00:00:00,Product C,1,21.21,East
10342,2025-12-08 00:00:00,Product D,5,314.84,West
10343,2025-12-09 00:00:00,Product C,7,981.61,South
10344,2025-12-10 00:00:00,Product B,1,485.39,West
10345,2025-12-11 00:00:00,Product C,4,394.88,South
10346,2025-12-12 00:00:00,Product C,6,137.43,North
10347,2025-12-13 00:00:00,Product C,2,974.68,West
10348,2025-12-14 00:00:00,Product D,10,39.63,South
10349,2025-12-15 00:00:00,Product D,5,742.44,East
10350,2025-12-16 00:00:00,Product C,10,773.23,North
10351,2025-12-17 00:00:00,Product D,1,258.78,East
10352,2025-12-18 00:00:00,Product A,6,678.13,North
10353,2025-12-19 00:00:00,Product A,6,111.07,West
10354,2025-12-20 00:00:00,Product D,4,271.91,West
10355,2025-12-21 00:00:00,Product D,8,792.14,North
10356,2025-12-22 00:00:00,Product C,4,867.39,North
10357,2025-12-23 00:00:00,Product B,8,616.32,North
10358,2025-12-24 00:00:00,Product D,8,516.7,West
10359,2025-12-25 00:00:00,Product A,5,176.12,South
10360,2025-12-26 00:00:00,Product C,4,81.85,East
10361,2025-12-27 00:00:00,Product D,2,135.3,East
10362,2025-12-28 00:00:00,Product A,3,242.81,West
10363,2025-12-29 00:00:00,Product A,3,354.84,East
10364,2025-12-30 00:00:00,Product B,4,393.29,North
10365,2025-12-31 00:00:00,Product C,4,359.4,South
10366,2026-01-01 00:00:00,Product C,10,254.27,East
10367,2026-01-02 00:00:00,Product B,5,519.53,South
10368,2026-01-03 00:00:00,Product B,4,828.78,North
10369,2026-01-04 00:00:00,Product C,10,294.11,East
10370,2026-01-05 00:00:00,Product C,8,943.54,West
10371,2026-01-06 00:00:00,Product D,6,875.87,South
10372,2026-01-07 00:00:00,Product D,6,178.53,North
10373,2026-01-08 00:00:00,Product B,8,790.55,South
10374,2026-01-09 00:00:00,Product D,7,583.1,East
10375,2026-01-10 00:00:00,Product A,10,575.24,East
10376,2026-01-11 00:00:00,Product D,10,403.22,West
10377,2026-01-12 00:00:00,Product D,8,511.13,North
10378,2026-01-13 00:00:00,Product A,2,409.24,North
10379,2026-01-14 00:00:00,Product B,9,548.94,West
10380,2026-01-15 00:00:00,Product A,1,635.39,West
10381,2026-01-16 00:00:00,Product D,8,680.82,North
10382,2026-01-17 00:00:00,Product B,4,541.83,South
10383,2026-01-18 00:00:00,Product D,4,726.99,South
10384,2026-01-19 00:00:00,Product A,5,158.45,West
10385,2026-01-20 00:00:00,Product A,8,227.74,South
10386,2026-01-21 00:00:00,Product D,5,822.36,North
10387,2026-01-22 00:00:00,Product C,8,336.08,East
10388,2026-01-23 00:00:00,Product C,10,42.44,East
10389,2026-01-24 00:00:00,Product A,1,170.72,South
10390,2026-01-25 00:00:00,Product A,10,239.14,West
10391,2026-01-26 00:00:00,Product C,9,958.18,West
10392,2026-01-27 00:00:00,Product C,6,581.58,West
10393,2026-01-28 00:00:00,Product D,3,934.08,West
10394,2026-01-29 00:00:00,Product D,8,583.66,West
10395,2026-01-30 00:00:00,Product C,9,489.77,South
10396,2026-01-31 00:00:00,Product D,6,327.45,East
10397,2026-02-01 00:00:00,Product D,7,614.24,East
10398,2026-02-02 00:00:00,Product B,1,156.41,South
10399,2026-02-03 00:00:00,Product D,5,900.3,West
10400,2026-02-04 00:00:00,Product A,5,832.75,South
10401,2026-02-05 00:00:00,Product D,10,331.18,East
10402,2026-02-06 00:00:00,Product D,4,953.74,North
10403,2026-02-07 00:00:00,Product C,6,828.7,South
10404,2026-02-08 00:00:00,Product A,7,672.98,West
10405,2026-02-09 00:00:00,Product D,9,139.33,East
10406,2026-02-10 00:00:00,Product D,1,488.67,East
10407,2026-02-11 00:00:00,Product B,6,515.99,East
10408,2026-02-12 00:00:00,Product D,7,247.9,East
10409,2026-02-13 00:00:00,Product D,3,98.37,West
10410,2026-02-14 00:00:00,Product B,8,781.19,North
10411,2026-02-15 00:00:00,Product C,5,139.59,East
10412,2026-02-16 00:00:00,Product D,9,602.4,South
10413,2026-02-17 00:00:00,Product B,5,937.72,North
10414,2026-02-18 00:00:00,Product A,9,878.58,East
10415,2026-02-19 00:00:00,Product C,10,292.2,North
10416,2026-02-20 00:00:00,Product A,4,854.42,South
10417,2026-02-21 00:00:00,Product A,9,20.33,East
10418,2026-02-22 00:00:00,Product B,5,37.33,South
10419,2026-02-23 00:00:00,Product D,10,610.5,West
10420,2026-02-24 00:00:00,Product B,9,377.5,East
10421,2026-02-25 00:00:00,Product B,3,398.73,East
10422,2026-02-26 00:00:00,Product B,4,573.15,East
10423,2026-02-27 00:00:00,Product B,9,207.95,East
10424,2026-02-28 00:00:00,Product C,10,227.52,West
10425,2026-03-01 00:00:00,Product D,6,494.91,East
10426,2026-03-02 00:00:00,Product A,2,759.17,North
10427,2026-03-03 00:00:00,Product A,7,627.11,East
10428,2026-03-04 00:00:00,Product D,2,311.41,West
10429,2026-03-05 00:00:00,Product A,2,441.73,East
10430,2026-03-06 00:00:00,Product D,1,187.25,North
10431,2026-03-07 00:00:00,Product A,3,93.14,West
10432,2026-03-08 00:00:00,Product B,6,787.04,West
10433,2026-03-09 00:00:00,Product A,8,280.08,North
10434,2026-03-10 00:00:00,Product D,9,194.21,North
10435,2026-03-11 00:00:00,Product D,7,697.79,North
10436,2026-03-12 00:00:00,Product D,4,625.69,North
10437,2026-03-13 00:00:00,Product D,6,640.53,North
10438,2026-03-14 00:00:00,Product D,5,244.32,West
10439,2026-03-15 00:00:00,Product C,8,247.99,West
10440,2026-03-16 00:00:00,Product C,1,236.39,East
10441,2026-03-17 00:00:00,Product A,1,190.28,East
10442,2026-03-18 00:00:00,Product D,6,662.61,South
10443,2026-03-19 00:00:00,Product A,10,851.06,East
10444,2026-03-20 00:00:00,Product D,2,729.83,East
10445,2026-03-21 00:00:00,Product D,5,796.25,North
10446,2026-03-22 00:00:00,Product C,1,416.7,North
10447,2026-03-23 00:00:00,Product C,7,660.99,East
10448,2026-03-24 00:00:00,Product B,1,367.15,South
10449,2026-03-25 00:00:00,Product C,4,534.99,North
10450,2026-03-26 00:00:00,Product B,9,492.0,East
10451,2026-03-27 00:00:00,Product B,1,193.35,East
10452,2026-03-28 00:00:00,Product B,4,399.34,West
10453,2026-03-29 00:00:00,Product B,6,964.55,South
10454,2026-03-30 00:00:00,Product B,6,263.61,West
10455,2026-03-31 00:00:00,Product A,8,151.13,South
10456,2026-04-01 00:00:00,Product C,1,430.21,North
10457,2026-04-02 00:00:00,Product B,7,794.53,South
10458,2026-04-03 00:00:00,Product D,1,590.51,East
10459,2026-04-04 00:00:00,Product C,7,687.36,East
10460,2026-04-05 00:00:00,Product C,3,205.9,South
10461,2026-04-06 00:00:00,Product B,8,626.57,South
10462,2026-04-07 00:00:00,Product A,3,337.03,South
10463,2026-04-08 00:00:00,Product B,1,837.62,West
10464,2026-04-09 00:00:00,Product A,8,636.71,South
10465,2026-04-10 00:00:00,Product D,3,214.88,North
10466,2026-04-11 00:00:00,Product C,2,83.32,West
10467,2026-04-12 00:00:00,Product D,1,61.78,West
10468,2026-04-13 00:00:00,Product A,3,383.98,South
10469,2026-04-14 00:00:00,Product A,2,280.53,North
10470,2026-04-15 00:00:00,Product D,2,653.17,West
10471,2026-04-16 00:00:00,Product A,6,509.35,East
10472,2026-04-17 00:00:00,Product D,1,280.7,West
10473,2026-04-18 00:00:00,Product C,2,166.25,South
10474,2026-04-19 00:00:00,Product D,6,144.66,North
10475,2026-04-20 00:00:00,Product C,3,867.37,South
10476,2026-04-21 00:00:00,Product D,4,258.61,East
10477,2026-04-22 00:00:00,Product A,1,658.68,East
10478,2026-04-23 00:00:00,Product D,8,814.47,East
10479,2026-04-24 00:00:00,Product A,7,621.8,South
10480,2026-04-25 00:00:00,Product D,7,862.37,West
10481,2026-04-26 00:00:00,Product D,3,404.55,South
10482,2026-04-27 00:00:00,Product B,10,957.1,North
10483,2026-04-28 00:00:00,Product A,10,150.48,West
10484,2026-04-29 00:00:00,Product B,3,120.11,East
10485,2026-04-30 00:00:00,Product A,2,665.52,South
10486,2026-05-01 00:00:00,Product B,1,943.97,East
10487,2026-05-02 00:00:00,Product C,7,812.71,East
10488,2026-05-03 00:00:00,Product D,7,94.89,North
10489,2026-05-04 00:00:00,Product A,2,293.78,West
10490,2026-05-05 00:00:00,Product A,7,931.71,North
10491,2026-05-06 00:00:00,Product D,8,,North
10492,2026-05-07 00:00:00,Product A,1,785.55,North
10493,2026-05-08 00:00:00,Product A,9,828.63,East
10494,2026-05-09 00:00:00,Product B,7,505.54,North
10495,2026-05-10 00:00:00,Product A,3,398.62,North
10496,2026-05-11 00:00:00,Product C,8,461.12,West
10497,2026-05-12 00:00:00,Product C,7,242.43,West
10498,2026-05-13 00:00:00,Product D,8,891.6,North
10499,2026-05-14 00:00:00,Product A,6,461.61,West
10500,2026-05-15 00:00:00,Product D,9,884.81,West
10501,2026-05-16 00:00:00,Product C,5,,North
10502,2026-05-17 00:00:00,Product A,3,988.51,East
10503,2026-05-18 00:00:00,Product A,3,454.41,North
10504,2026-05-19 00:00:00,Product D,1,66.87,West
10505,2026-05-20 00:00:00,Product C,8,57.26,East
10506,2026-05-21 00:00:00,Product A,2,751.28,South
10507,2026-05-22 00:00:00,Product D,3,665.85,East
10508,2026-05-23 00:00:00,Product C,8,806.09,West
10509,2026-05-24 00:00:00,Product D,8,123.26,East
10510,2026-05-25 00:00:00,Product B,4,54.86,North
10511,2026-05-26 00:00:00,Product A,4,518.41,South
10512,2026-05-27 00:00:00,Product B,5,399.84,South
10513,2026-05-28 00:00:00,Product C,6,472.71,South
10514,2026-05-29 00:00:00,Product B,5,991.76,West
10515,2026-05-30 00:00:00,Product B,7,971.33,West
10516,2026-05-31 00:00:00,Product C,2,943.47,South
10517,2026-06-01 00:00:00,Product D,7,788.17,East
10518,2026-06-02 00:00:00,Product B,10,367.74,South
10519,2026-06-03 00:00:00,Product D,7,423.89,East
10520,2026-06-04 00:00:00,Product B,1,558.62,East
10521,2026-06-05 00:00:00,Product D,7,833.92,West
10522,2026-06-06 00:00:00,Product C,5,87.34,East
10523,2026-06-07 00:00:00,Product B,3,435.81,South
10524,2026-06-08 00:00:00,Product C,3,100.97,West
10525,2026-06-09 00:00:00,Product B,4,524.36,North
10526,2026-06-10 00:00:00,Product C,2,900.92,North
10527,2026-06-11 00:00:00,Product C,2,786.84,West
10528,2026-06-12 00:00:00,Product B,1,243.29,South
10529,2026-06-13 00:00:00,Product B,5,976.47,North
10530,2026-06-14 00:00:00,Product B,4,674.0,North
10531,2026-06-15 00:00:00,Product A,10,30.22,East
10532,2026-06-16 00:00:00,Product D,2,270.31,East
10533,2026-06-17 00:00:00,Product A,3,275.5,South
10534,2026-06-18 00:00:00,Product A,7,87.87,West
10535,2026-06-19 00:00:00,Product C,7,960.63,South
10536,2026-06-20 00:00:00,Product B,4,488.69,West
10537,2026-06-21 00:00:00,Product D,5,897.9,North
10538,2026-06-22 00:00:00,Product C,5,335.77,East
10539,2026-06-23 00:00:00,Product A,6,142.73,South
10540,2026-06-24 00:00:00,Product B,9,484.85,South
10541,2026-06-25 00:00:00,Product C,2,131.68,West
10542,2026-06-26 00:00:00,Product B,5,496.3,West
10543,2026-06-27 00:00:00,Product C,3,,South
10544,2026-06-28 00:00:00,Product B,4,530.35,West
10545,2026-06-29 00:00:00,Product A,10,624.17,South
10546,2026-06-30 00:00:00,Product D,6,173.51,South
10547,2026-07-01 00:00:00,Product A,8,62.86,South
10548,2026-07-02 00:00:00,Product D,1,128.59,North
10549,2026-07-03 00:00:00,Product B,10,606.56,West
10550,2026-07-04 00:00:00,Product C,8,113.11,East
10551,2026-07-05 00:00:00,Product A,7,388.47,East
10552,2026-07-06 00:00:00,Product D,1,559.09,West
10553,2026-07-07 00:00:00,Product A,2,400.88,South
10554,2026-07-08 00:00:00,Product D,3,180.41,East
10555,2026-07-09 00:00:00,Product A,1,288.32,East
10556,2026-07-10 00:00:00,Product D,9,929.75,West
10557,2026-07-11 00:00:00,Product D,8,682.46,East
10558,2026-07-12 00:00:00,Product B,2,506.13,South
10559,2026-07-13 00:00:00,Product D,9,32.46,West
10560,2026-07-14 00:00:00,Product B,7,992.57,South
10561,2026-07-15 00:00:00,Product D,9,678.03,East
10562,2026-07-16 00:00:00,Product C,6,330.58,East
10563,2026-07-17 00:00:00,Product C,6,881.68,South
10564,2026-07-18 00:00:00,Product C,4,273.26,North
10565,2026-07-19 00:00:00,Product D,10,553.14,East
10566,2026-07-20 00:00:00,Product B,10,643.35,North
10567,2026-07-21 00:00:00,Product B,2,236.64,East
10568,2026-07-22 00:00:00,Product D,7,978.83,North
10569,2026-07-23 00:00:00,Product C,5,753.23,North
10570,2026-07-24 00:00:00,Product C,6,566.66,North
10571,2026-07-25 00:00:00,Product B,2,196.98,South
10572,2026-07-26 00:00:00,Product C,5,72.78,North
10573,2026-07-27 00:00:00,Product A,10,,North
10574,2026-07-28 00:00:00,Product B,4,758.12,North
10575,2026-07-29 00:00:00,Product C,9,283.94,East
10576,2026-07-30 00:00:00,Product B,6,548.77,North
10577,2026-07-31 00:00:00,Product A,2,733.39,East
10578,2026-08-01 00:00:00,Product B,1,125.78,North
10579,2026-08-02 00:00:00,Product B,5,691.59,North
10580,2026-08-03 00:00:00,Product B,9,110.03,South
10581,2026-08-04 00:00:00,Product B,6,965.83,East
10582,2026-08-05 00:00:00,Product A,10,498.63,North
10583,2026-08-06 00:00:00,Product D,7,167.66,East
10584,2026-08-07 00:00:00,Product B,5,355.54,East
10585,2026-08-08 00:00:00,Product B,10,425.15,West
10586,2026-08-09 00:00:00,Product C,6,763.02,South
10587,2026-08-10 00:00:00,Product B,5,748.56,South
10588,2026-08-11 00:00:00,Product C,9,619.7,South
10589,2026-08-12 00:00:00,Product D,6,123.81,West
10590,2026-08-13 00:00:00,Product A,8,168.54,West
10591,2026-08-14 00:00:00,Product A,2,111.88,South
10592,2026-08-15 00:00:00,Product D,9,585.63,West
10593,2026-08-16 00:00:00,Product A,5,879.6,West
10594,2026-08-17 00:00:00,Product D,7,445.12,West
10595,2026-08-18 00:00:00,Product D,10,177.63,South
10596,2026-08-19 00:00:00,Product D,1,566.88,South
10597,2026-08-20 00:00:00,Product A,10,815.52,South
10598,2026-08-21 00:00:00,Product C,5,,West
10599,2026-08-22 00:00:00,Product D,10,883.82,South
10600,2026-08-23 00:00:00,Product B,2,292.34,West
10601,2026-08-24 00:00:00,Product A,6,210.07,North
10602,2026-08-25 00:00:00,Product D,1,882.22,West
10603,2026-08-26 00:00:00,Product D,3,664.41,East
10604,2026-08-27 00:00:00,Product B,5,324.71,South
10605,2026-08-28 00:00:00,Product C,4,747.5,South
10606,2026-08-29 00:00:00,Product C,3,818.82,East
10607,2026-08-30 00:00:00,Product C,10,622.68,West
10608,2026-08-31 00:00:00,Product D,5,694.13,North
10609,2026-09-01 00:00:00,Product D,8,387.75,East
10610,2026-09-02 00:00:00,Product D,4,547.92,East
10611,2026-09-03 00:00:00,Product A,1,533.68,West
10612,2026-09-04 00:00:00,Product B,7,851.09,South
10613,2026-09-05 00:00:00,Product D,8,843.16,West
10614,2026-09-06 00:00:00,Product B,3,836.03,East
10615,2026-09-07 00:00:00,Product B,6,30.81,East
10616,2026-09-08 00:00:00,Product C,2,754.55,South
10617,2026-09-09 00:00:00,Product A,7,763.5,South
10618,2026-09-10 00:00:00,Product D,8,684.81,South
10619,2026-09-11 00:00:00,Product C,6,761.14,West
10620,2026-09-12 00:00:00,Product C,6,845.13,South
10621,2026-09-13 00:00:00,Product D,5,480.91,East
10622,2026-09-14 00:00:00,Product B,8,512.01,East
10623,2026-09-15 00:00:00,Product C,1,142.22,North
10624,2026-09-16 00:00:00,Product B,10,397.67,West
10625,2026-09-17 00:00:00,Product A,4,650.5,North
10626,2026-09-18 00:00:00,Product B,4,784.79,East
10627,2026-09-19 00:00:00,Product A,3,232.86,North
10628,2026-09-20 00:00:00,Product B,3,155.07,East
10629,2026-09-21 00:00:00,Product C,4,669.78,North
10630,2026-09-22 00:00:00,Product C,1,21.84,South
10631,2026-09-23 00:00:00,Product A,2,194.81,North
10632,2026-09-24 00:00:00,Product D,9,48.49,South
10633,2026-09-25 00:00:00,Product A,10,183.55,South
10634,2026-09-26 00:00:00,Product A,2,197.69,West
10635,2026-09-27 00:00:00,Product B,5,399.92,South
10636,2026-09-28 00:00:00,Product B,9,414.28,South
10637,2026-09-29 00:00:00,Product A,9,876.78,North
10638,2026-09-30 00:00:00,Product C,8,519.91,East
10639,2026-10-01 00:00:00,Product B,1,728.94,West
10640,2026-10-02 00:00:00,Product D,1,122.05,South
10641,2026-10-03 00:00:00,Product B,9,240.93,West
10642,2026-10-04 00:00:00,Product B,8,708.88,North
10643,2026-10-05 00:00:00,Product D,10,71.75,South
10644,2026-10-06 00:00:00,Product A,9,496.87,North
10645,2026-10-07 00:00:00,Product D,7,607.38,West
10646,2026-10-08 00:00:00,Product A,3,610.1,North
10647,2026-10-09 00:00:00,Product A,3,42.47,West
10648,2026-10-10 00:00:00,Product A,2,335.67,North
10649,2026-10-11 00:00:00,Product D,5,643.76,West
10650,2026-10-12 00:00:00,Product A,3,166.02,East
10651,2026-10-13 00:00:00,Product C,6,701.51,North
10652,2026-10-14 00:00:00,Product D,2,751.01,North
10653,2026-10-15 00:00:00,Product C,3,982.33,East
10654,2026-10-16 00:00:00,Product A,5,225.65,East
10655,2026-10-17 00:00:00,Product B,1,828.63,North
10656,2026-10-18 00:00:00,Product A,1,529.89,East
10657,2026-10-19 00:00:00,Product C,10,385.99,South
10658,2026-10-20 00:00:00,Product C,9,139.93,West
10659,2026-10-21 00:00:00,Product D,7,740.8,West
10660,2026-10-22 00:00:00,Product B,1,251.14,West
10661,2026-10-23 00:00:00,Product D,8,383.99,South
10662,2026-10-24 00:00:00,Product C,3,81.29,East
10663,2026-10-25 00:00:00,Product A,8,805.34,East
10664,2026-10-26 00:00:00,Product B,5,771.26,North
10665,2026-10-27 00:00:00,Product A,1,738.94,East
10666,2026-10-28 00:00:00,Product A,7,313.45,North
10667,2026-10-29 00:00:00,Product B,5,190.01,South
10668,2026-10-30 00:00:00,Product D,6,644.8,West
10669,2026-10-31 00:00:00,Product A,6,506.24,West
10670,2026-11-01 00:00:00,Product C,8,194.69,West
10671,2026-11-02 00:00:00,Product A,9,692.19,East
10672,2026-11-03 00:00:00,Product B,2,991.3,North
10673,2026-11-04 00:00:00,Product B,9,752.28,North
10674,2026-11-05 00:00:00,Product B,10,745.19,South
10675,2026-11-06 00:00:00,Product D,9,951.31,East
10676,2026-11-07 00:00:00,Product A,10,218.88,South
10677,2026-11-08 00:00:00,Product D,10,574.24,North
10678,2026-11-09 00:00:00,Product D,7,980.05,North
10679,2026-11-10 00:00:00,Product B,1,181.99,West
10680,2026-11-11 00:00:00,Product B,7,706.25,East
10681,2026-11-12 00:00:00,Product D,10,594.09,North
10682,2026-11-13 00:00:00,Product A,5,594.75,West
10683,2026-11-14 00:00:00,Product C,6,703.72,East
10684,2026-11-15 00:00:00,Product D,10,931.02,South
10685,2026-11-16 00:00:00,Product A,7,786.93,East
10686,2026-11-17 00:00:00,Product B,5,75.01,East
10687,2026-11-18 00:00:00,Product B,7,855.67,North
10688,2026-11-19 00:00:00,Product A,9,241.03,North
10689,2026-11-20 00:00:00,Product C,3,389.38,East
10690,2026-11-21 00:00:00,Product B,8,472.5,North
10691,2026-11-22 00:00:00,Product B,2,491.29,North
10692,2026-11-23 00:00:00,Product B,7,446.48,North
10693,2026-11-24 00:00:00,Product A,2,938.61,West
10694,2026-11-25 00:00:00,Product D,4,711.9,West
10695,2026-11-26 00:00:00,Product B,7,638.55,East
10696,2026-11-27 00:00:00,Product D,3,68.85,North
10697,2026-11-28 00:00:00,Product C,2,905.84,West
10698,2026-11-29 00:00:00,Product B,10,911.2,East
10699,2026-11-30 00:00:00,Product B,7,784.61,North
10700,2026-12-01 00:00:00,Product C,1,26.89,South
10701,2026-12-02 00:00:00,Product B,8,76.13,North
10702,2026-12-03 00:00:00,Product D,3,240.72,North
10703,2026-12-04 00:00:00,Product A,2,148.72,West
10704,2026-12-05 00:00:00,Product D,3,410.86,East
10705,2026-12-06 00:00:00,Product A,5,924.17,East
10706,2026-12-07 00:00:00,Product A,8,482.62,West
10707,2026-12-08 00:00:00,Product D,10,33.13,North
10708,2026-12-09 00:00:00,Product D,7,297.09,South
10709,2026-12-10 00:00:00,Product D,7,63.7,North
10710,2026-12-11 00:00:00,Product D,7,55.56,North
10711,2026-12-12 00:00:00,Product C,8,290.21,South
10712,2026-12-13 00:00:00,Product B,1,290.1,West
10713,2026-12-14 00:00:00,Product A,4,791.38,East
10714,2026-12-15 00:00:00,Product D,6,975.34,West
10715,2026-12-16 00:00:00,Product D,9,383.78,West
10716,2026-12-17 00:00:00,Product D,2,440.31,North
10717,2026-12-18 00:00:00,Product C,1,847.89,East
10718,2026-12-19 00:00:00,Product D,10,282.78,East
10719,2026-12-20 00:00:00,Product D,2,173.25,West
10720,2026-12-21 00:00:00,Product D,7,856.03,South
10721,2026-12-22 00:00:00,Product B,3,65.57,West
10722,2026-12-23 00:00:00,Product C,10,627.31,South
10723,2026-12-24 00:00:00,Product D,2,570.75,East
10724,2026-12-25 00:00:00,Product A,7,359.0,West
10725,2026-12-26 00:00:00,Product A,2,328.89,North
10726,2026-12-27 00:00:00,Product A,3,776.42,West
10727,2026-12-28 00:00:00,Product C,7,104.7,East
10728,2026-12-29 00:00:00,Product C,4,252.05,North
10729,2026-12-30 00:00:00,Product A,1,737.8,North
10730,2026-12-31 00:00:00,Product D,5,557.35,South
10731,2027-01-01 00:00:00,Product C,9,145.43,North
10732,2027-01-02 00:00:00,Product A,8,884.49,North
10733,2027-01-03 00:00:00,Product A,9,405.58,West
10734,2027-01-04 00:00:00,Product D,10,831.31,East
10735,2027-01-05 00:00:00,Product B,9,,South
10736,2027-01-06 00:00:00,Product C,7,631.94,West
10737,2027-01-07 00:00:00,Product D,4,504.59,North
10738,2027-01-08 00:00:00,Product A,5,979.96,North
10739,2027-01-09 00:00:00,Product A,1,162.07,South
10740,2027-01-10 00:00:00,Product D,1,730.65,East
10741,2027-01-11 00:00:00,Product C,3,207.37,South
10742,2027-01-12 00:00:00,Product B,8,351.5,West
10743,2027-01-13 00:00:00,Product B,2,322.52,South
10744,2027-01-14 00:00:00,Product A,4,948.1,North
10745,2027-01-15 00:00:00,Product C,2,968.01,West
10746,2027-01-16 00:00:00,Product B,5,199.36,North
10747,2027-01-17 00:00:00,Product C,9,41.59,East
10748,2027-01-18 00:00:00,Product C,1,725.61,North
10749,2027-01-19 00:00:00,Product A,5,429.63,North
10750,2027-01-20 00:00:00,Product B,9,107.06,South
10751,2027-01-21 00:00:00,Product D,1,690.08,North
10752,2027-01-22 00:00:00,Product A,9,554.2,West
10753,2027-01-23 00:00:00,Product B,8,980.91,West
10754,2027-01-24 00:00:00,Product B,4,242.86,East
10755,2027-01-25 00:00:00,Product B,10,415.9,West
10756,2027-01-26 00:00:00,Product B,5,551.69,South
10757,2027-01-27 00:00:00,Product B,5,795.87,East
10758,2027-01-28 00:00:00,Product C,6,557.86,West
10759,2027-01-29 00:00:00,Product A,7,620.64,South
10760,2027-01-30 00:00:00,Product C,8,241.62,West
10761,2027-01-31 00:00:00,Product D,8,849.98,West
10762,2027-02-01 00:00:00,Product B,2,440.06,North
10763,2027-02-02 00:00:00,Product A,9,158.14,West
10764,2027-02-03 00:00:00,Product B,7,670.9,West
10765,2027-02-04 00:00:00,Product A,4,231.77,South
10766,2027-02-05 00:00:00,Product C,4,115.61,South
10767,2027-02-06 00:00:00,Product A,8,864.75,North
10768,2027-02-07 00:00:00,Product D,4,470.96,West
10769,2027-02-08 00:00:00,Product D,6,754.3,North
10770,2027-02-09 00:00:00,Product A,5,304.78,West
10771,2027-02-10 00:00:00,Product A,3,791.23,East
10772,2027-02-11 00:00:00,Product A,10,129.7,East
10773,2027-02-12 00:00:00,Product A,2,368.85,North
10774,2027-02-13 00:00:00,Product D,9,978.5,North
10775,2027-02-14 00:00:00,Product B,10,798.11,North
10776,2027-02-15 00:00:00,Product A,9,507.31,South
10777,2027-02-16 00:00:00,Product A,1,352.98,South
10778,2027-02-17 00:00:00,Product D,10,874.69,South
10779,2027-02-18 00:00:00,Product D,3,553.95,North
10780,2027-02-19 00:00:00,Product C,8,763.26,West
10781,2027-02-20 00:00:00,Product A,6,759.03,East
10782,2027-02-21 00:00:00,Product C,5,37.59,North
10783,2027-02-22 00:00:00,Product D,5,143.73,South
10784,2027-02-23 00:00:00,Product D,6,666.44,South
10785,2027-02-24 00:00:00,Product B,7,178.39,North
10786,2027-02-25 00:00:00,Product A,1,270.38,North
10787,2027-02-26 00:00:00,Product C,9,947.71,South
10788,2027-02-27 00:00:00,Product D,3,568.98,West
10789,2027-02-28 00:00:00,Product D,4,755.71,South
10790,2027-03-01 00:00:00,Product C,10,566.82,South
10791,2027-03-02 00:00:00,Product B,1,561.46,North
10792,2027-03-03 00:00:00,Product D,10,112.27,West
10793,2027-03-04 00:00:00,Product A,3,356.79,South
10794,2027-03-05 00:00:00,Product D,2,296.78,South
10795,2027-03-06 00:00:00,Product A,2,402.91,East
10796,2027-03-07 00:00:00,Product C,1,802.38,North
10797,2027-03-08 00:00:00,Product A,8,384.49,East
10798,2027-03-09 00:00:00,Product C,3,462.66,East
10799,2027-03-10 00:00:00,Product A,3,409.43,South
10800,2027-03-11 00:00:00,Product C,6,111.54,North
10801,2027-03-12 00:00:00,Product A,8,452.25,West
10802,2027-03-13 00:00:00,Product B,9,211.7,South
10803,2027-03-14 00:00:00,Product A,9,202.99,West
10804,2027-03-15 00:00:00,Product A,4,112.16,West
10805,2027-03-16 00:00:00,Product B,5,369.54,North
10806,2027-03-17 00:00:00,Product D,2,762.33,East
10807,2027-03-18 00:00:00,Product D,9,290.91,North
10808,2027-03-19 00:00:00,Product A,8,326.1,West
10809,2027-03-20 00:00:00,Product B,3,649.82,South
10810,2027-03-21 00:00:00,Product A,9,211.92,West
10811,2027-03-22 00:00:00,Product C,3,899.02,South
10812,2027-03-23 00:00:00,Product C,9,529.79,South
10813,2027-03-24 00:00:00,Product A,2,,North
10814,2027-03-25 00:00:00,Product D,10,,West
10815,2027-03-26 00:00:00,Product D,9,182.71,East
10816,2027-03-27 00:00:00,Product A,8,621.2,West
10817,2027-03-28 00:00:00,Product A,9,375.84,West
10818,2027-03-29 00:00:00,Product C,5,899.24,East
10819,2027-03-30 00:00:00,Product D,2,185.48,North
10820,2027-03-31 00:00:00,Product A,8,516.91,West
10821,2027-04-01 00:00:00,Product C,6,606.15,West
10822,2027-04-02 00:00:00,Product D,8,52.72,South
10823,2027-04-03 00:00:00,Product B,5,376.42,West
10824,2027-04-04 00:00:00,Product C,10,737.98,East
10825,2027-04-05 00:00:00,Product D,2,823.97,South
10826,2027-04-06 00:00:00,Product D,6,326.9,North
10827,2027-04-07 00:00:00,Product C,5,802.62,South
10828,2027-04-08 00:00:00,Product B,5,968.4,East
10829,2027-04-09 00:00:00,Product C,1,859.74,East
10830,2027-04-10 00:00:00,Product D,2,135.29,South
10831,2027-04-11 00:00:00,Product A,8,744.94,North
10832,2027-04-12 00:00:00,Product A,3,333.27,South
10833,2027-04-13 00:00:00,Product C,10,988.65,North
10834,2027-04-14 00:00:00,Product D,3,495.65,South
10835,2027-04-15 00:00:00,Product A,8,139.99,East
10836,2027-04-16 00:00:00,Product D,8,730.68,West
10837,2027-04-17 00:00:00,Product C,2,336.55,West
10838,2027-04-18 00:00:00,Product A,8,997.14,North
10839,2027-04-19 00:00:00,Product D,1,980.19,North
10840,2027-04-20 00:00:00,Product A,6,663.01,North
10841,2027-04-21 00:00:00,Product C,8,147.23,East
10842,2027-04-22 00:00:00,Product D,3,693.12,South
10843,2027-04-23 00:00:00,Product A,8,111.17,East
10844,2027-04-24 00:00:00,Product C,1,48.78,West
10845,2027-04-25 00:00:00,Product A,9,826.5,North
10846,2027-04-26 00:00:00,Product A,9,225.56,South
10847,2027-04-27 00:00:00,Product B,5,391.45,West
10848,2027-04-28 00:00:00,Product B,10,973.99,West
10849,2027-04-29 00:00:00,Product C,4,350.1,West
10850,2027-04-30 00:00:00,Product B,6,310.56,East
10851,2027-05-01 00:00:00,Product C,7,919.84,North
10852,2027-05-02 00:00:00,Product B,5,128.53,West
10853,2027-05-03 00:00:00,Product A,10,764.39,North
10854,2027-05-04 00:00:00,Product C,9,988.3,East
10855,2027-05-05 00:00:00,Product C,3,903.27,West
10856,2027-05-06 00:00:00,Product A,7,658.63,East
10857,2027-05-07 00:00:00,Product C,10,327.78,East
10858,2027-05-08 00:00:00,Product C,10,269.24,North
10859,2027-05-09 00:00:00,Product B,5,822.87,West
10860,2027-05-10 00:00:00,Product C,7,882.23,East
10861,2027-05-11 00:00:00,Product D,2,534.93,West
10862,2027-05-12 00:00:00,Product A,4,259.45,North
10863,2027-05-13 00:00:00,Product B,2,130.68,East
10864,2027-05-14 00:00:00,Product B,7,105.44,North
10865,2027-05-15 00:00:00,Product D,2,724.7,West
10866,2027-05-16 00:00:00,Product A,1,431.72,West
10867,2027-05-17 00:00:00,Product A,9,907.25,North
10868,2027-05-18 00:00:00,Product B,1,744.88,South
10869,2027-05-19 00:00:00,Product C,8,207.44,East
10870,2027-05-20 00:00:00,Product B,2,621.5,West
10871,2027-05-21 00:00:00,Product A,8,446.8,West
10872,2027-05-22 00:00:00,Product D,3,585.7,East
10873,2027-05-23 00:00:00,Product B,6,743.31,North
10874,2027-05-24 00:00:00,Product A,3,810.07,North
10875,2027-05-25 00:00:00,Product B,7,846.86,North
10876,2027-05-26 00:00:00,Product C,10,268.9,South
10877,2027-05-27 00:00:00,Product B,9,50.49,South
10878,2027-05-28 00:00:00,Product B,2,744.51,West
10879,2027-05-29 00:00:00,Product A,5,124.22,North
10880,2027-05-30 00:00:00,Product A,6,328.62,East
10881,2027-05-31 00:00:00,Product A,4,23.74,West
10882,2027-06-01 00:00:00,Product B,4,688.04,East
10883,2027-06-02 00:00:00,Product C,4,183.79,West
10884,2027-06-03 00:00:00,Product D,2,662.18,South
10885,2027-06-04 00:00:00,Product D,4,991.91,West
10886,2027-06-05 00:00:00,Product A,1,91.22,South
10887,2027-06-06 00:00:00,Product A,6,95.54,West
10888,2027-06-07 00:00:00,Product B,1,353.57,North
10889,2027-06-08 00:00:00,Product D,10,869.06,East
10890,2027-06-09 00:00:00,Product A,6,231.22,North
10891,2027-06-10 00:00:00,Product C,1,373.17,West
10892,2027-06-11 00:00:00,Product C,6,87.14,West
10893,2027-06-12 00:00:00,Product A,10,767.89,West
10894,2027-06-13 00:00:00,Product A,8,420.14,South
10895,2027-06-14 00:00:00,Product D,2,764.06,East
10896,2027-06-15 00:00:00,Product D,2,905.54,East
10897,2027-06-16 00:00:00,Product B,4,248.11,West
10898,2027-06-17 00:00:00,Product D,3,811.25,West
10899,2027-06-18 00:00:00,Product C,4,77.91,South
10900,2027-06-19 00:00:00,Product C,7,900.87,North
10901,2027-06-20 00:00:00,Product A,1,657.75,North
10902,2027-06-21 00:00:00,Product D,6,876.74,East
10903,2027-06-22 00:00:00,Product B,3,20.18,South
10904,2027-06-23 00:00:00,Product C,10,185.7,West
10905,2027-06-24 00:00:00,Product C,7,401.96,East
10906,2027-06-25 00:00:00,Product B,10,391.91,South
10907,2027-06-26 00:00:00,Product B,2,242.2,North
10908,2027-06-27 00:00:00,Product C,2,393.98,South
10909,2027-06-28 00:00:00,Product C,4,146.27,North
10910,2027-06-29 00:00:00,Product B,1,424.51,South
10911,2027-06-30 00:00:00,Product C,3,806.31,East
10912,2027-07-01 00:00:00,Product A,9,489.49,North
10913,2027-07-02 00:00:00,Product A,7,37.64,East
10914,2027-07-03 00:00:00,Product B,7,433.02,East
10915,2027-07-04 00:00:00,Product D,4,46.63,North
10916,2027-07-05 00:00:00,Product B,2,966.92,North
10917,2027-07-06 00:00:00,Product B,4,144.9,West
10918,2027-07-07 00:00:00,Product D,6,713.53,West
10919,2027-07-08 00:00:00,Product D,3,973.32,West
10920,2027-07-09 00:00:00,Product D,1,829.52,East
10921,2027-07-10 00:00:00,Product A,8,705.33,East
10922,2027-07-11 00:00:00,Product C,5,842.67,West
10923,2027-07-12 00:00:00,Product A,5,982.16,East
10924,2027-07-13 00:00:00,Product C,4,628.92,East
10925,2027-07-14 00:00:00,Product A,6,568.0,North
10926,2027-07-15 00:00:00,Product C,3,635.67,North
10927,2027-07-16 00:00:00,Product A,9,542.02,East
10928,2027-07-17 00:00:00,Product D,5,642.39,West
10929,2027-07-18 00:00:00,Product B,3,460.85,South
10930,2027-07-19 00:00:00,Product A,1,234.07,West
10931,2027-07-20 00:00:00,Product C,10,137.84,South
10932,2027-07-21 00:00:00,Product D,6,86.97,West
10933,2027-07-22 00:00:00,Product A,2,278.05,North
10934,2027-07-23 00:00:00,Product A,3,65.2,East
10935,2027-07-24 00:00:00,Product D,1,575.83,East
10936,2027-07-25 00:00:00,Product A,9,298.15,North
10937,2027-07-26 00:00:00,Product B,8,828.04,South
10938,2027-07-27 00:00:00,Product A,2,92.76,South
10939,2027-07-28 00:00:00,Product B,8,241.82,South
10940,2027-07-29 00:00:00,Product B,9,735.64,North
10941,2027-07-30 00:00:00,Product D,1,606.83,South
10942,2027-07-31 00:00:00,Product A,5,83.2,North
10943,2027-08-01 00:00:00,Product D,8,879.69,West
10944,2027-08-02 00:00:00,Product A,2,879.72,West
10945,2027-08-03 00:00:00,Product A,4,343.8,North
10946,2027-08-04 00:00:00,Product C,7,353.6,East
10947,2027-08-05 00:00:00,Product A,3,989.25,West
10948,2027-08-06 00:00:00,Product D,5,633.65,South
10949,2027-08-07 00:00:00,Product B,8,540.69,North
10950,2027-08-08 00:00:00,Product A,10,841.39,South
10951,2027-08-09 00:00:00,Product C,3,299.58,South
10952,2027-08-10 00:00:00,Product D,4,440.6,East
10953,2027-08-11 00:00:00,Product A,9,282.42,South
10954,2027-08-12 00:00:00,Product D,7,793.38,East
10955,2027-08-13 00:00:00,Product C,1,581.88,West
10956,2027-08-14 00:00:00,Product C,4,665.65,North
10957,2027-08-15 00:00:00,Product D,4,267.26,South
10958,2027-08-16 00:00:00,Product A,9,235.82,North
10959,2027-08-17 00:00:00,Product B,6,498.61,South
10960,2027-08-18 00:00:00,Product C,9,742.81,North
10961,2027-08-19 00:00:00,Product A,6,534.73,South
10962,2027-08-20 00:00:00,Product A,6,51.99,South
10963,2027-08-21 00:00:00,Product B,5,871.18,South
10964,2027-08-22 00:00:00,Product C,5,83.39,South
10965,2027-08-23 00:00:00,Product C,2,956.71,South
10966,2027-08-24 00:00:00,Product A,8,44.64,South
10967,2027-08-25 00:00:00,Product A,8,700.56,South
10968,2027-08-26 00:00:00,Product B,1,100.56,South
10969,2027-08-27 00:00:00,Product B,8,,South
10970,2027-08-28 00:00:00,Product C,5,475.14,North
10971,2027-08-29 00:00:00,Product D,2,,East
10972,2027-08-30 00:00:00,Product C,2,354.0,South
10973,2027-08-31 00:00:00,Product A,6,181.53,East
10974,2027-09-01 00:00:00,Product C,9,187.17,South
10975,2027-09-02 00:00:00,Product D,1,949.15,South
10976,2027-09-03 00:00:00,Product B,6,456.34,North
10977,2027-09-04 00:00:00,Product D,9,793.03,West
10978,2027-09-05 00:00:00,Product D,8,646.81,West
10979,2027-09-06 00:00:00,Product D,6,682.9,North
10980,2027-09-07 00:00:00,Product B,3,149.06,East
10981,2027-09-08 00:00:00,Product D,8,249.5,West
10982,2027-09-09 00:00:00,Product D,9,791.02,North
10983,2027-09-10 00:00:00,Product D,1,971.35,North
10984,2027-09-11 00:00:00,Product A,9,277.42,West
10985,2027-09-12 00:00:00,Product D,6,286.14,East
10986,2027-09-13 00:00:00,Product B,6,483.44,North
10987,2027-09-14 00:00:00,Product D,4,984.16,South
10988,2027-09-15 00:00:00,Product D,1,283.58,East
10989,2027-09-16 00:00:00,Product B,10,418.83,East
10990,2027-09-17 00:00:00,Product D,8,893.65,West
10991,2027-09-18 00:00:00,Product B,2,22.86,West
10992,2027-09-19 00:00:00,Product D,1,58.97,South
10993,2027-09-20 00:00:00,Product B,2,611.99,North
10994,2027-09-21 00:00:00,Product D,1,909.23,West
10995,2027-09-22 00:00:00,Product D,1,254.08,West
10996,2027-09-23 00:00:00,Product A,9,480.25,East
10997,2027-09-24 00:00:00,Product A,1,461.46,West
10998,2027-09-25 00:00:00,Product D,4,483.51,West
10999,2027-09-26 00:00:00,Product D,10,630.07,West
11000,2027-09-27 00:00:00,Product C,6,480.35,West
10522,2026-06-06 00:00:00,Product C,5,87.34,East
10738,2027-01-08 00:00:00,Product A,5,979.96,North
10741,2027-01-11 00:00:00,Product C,3,207.37,South
10661,2026-10-23 00:00:00,Product D,8,383.99,South
10412,2026-02-16 00:00:00,Product D,9,602.4,South
10679,2026-11-10 00:00:00,Product B,1,181.99,West
10627,2026-09-19 00:00:00,Product A,3,232.86,North
10514,2026-05-29 00:00:00,Product B,5,991.76,West
10860,2027-05-10 00:00:00,Product C,7,882.23,East
10137,2025-05-17 00:00:00,Product A,5,37.03,South
